{"R": 122.43814055718316, "G": 114.28411306694879, "B": 101.3905392578125}